[
  {
    "id": 1,
    "name": "Batu",
    "email": "batu@hotmail.com",
    "password": "1234",
    "isAdmin": true,
    "budget": 100,
    "inventory": {
      "food": 1,
      "toy": 0,
      "treat": 0
    },
    "adoptedPets": [
      1
    ]
  },
  {
    "id": 2,
    "name": "Meriç",
    "email": "meric@hotmail.com",
    "password": "abcd",
    "isAdmin": false,
    "budget": 50,
    "inventory": {
      "food": 0,
      "toy": 1,
      "treat": 0
    },
    "adoptedPets": []
  },
  {
    "name": "meriç",
    "passwordHash": "$2b$10$GYdn3Jr13rsS8KGFajmF0ubnazaGfV1HNIzX8b7cSg6n7G.bnYGPS",
    "id": 1745601167760,
    "budget": 5,
    "inventory": {
      "food": 3,
      "toy": 3,
      "treat": 4
    }
  },
  {
    "name": "meric",
    "passwordHash": "$2b$10$hsW3qbfFnmUDa8SqbFWRwuIMEhQ.hIr6rWrk2MHUWiQZdKFrPE94O",
    "id": 1745601383619,
    "budget": 10,
    "inventory": {
      "food": 3,
      "toy": 3,
      "treat": 3
    }
  },
  {
    "name": "Meriç Topal",
    "passwordHash": "$2b$10$MUUTpqt6tkk98QGFCWtkjeEhhmjC2CGFZiCkFpoQkkU3fE/vNw1Si",
    "id": 1745601713399,
    "budget": 40,
    "inventory": {
      "food": 2,
      "toy": 2,
      "treat": 2
    }
  },
  {
    "name": "ahmet",
    "passwordHash": "$2b$10$ttxnVzVWdZpX1bzKDG2SDuemSxQ67a0/crFlmJrkME1GijxJ.tjgO",
    "id": 1745602378109,
    "budget": 5,
    "inventory": {
      "food": 3,
      "toy": 3,
      "treat": 4
    }
  },
  {
    "name": "aa",
    "passwordHash": "$2b$10$6wEuF/9MlNuTivV3D/cYHudoS1Au2gZkwONfJ9V2rvL3XPFRjeGKe",
    "id": 1745602462299,
    "budget": 0,
    "inventory": {
      "food": 0,
      "toy": 0,
      "treat": 2
    },
    "pets": [
      1,
      2,
      2
    ]
  },
  {
    "name": "ASD",
    "passwordHash": "$2b$10$SsJkI8EYlcoinL2uZzOD7Omhr2G6EcU3cP6uvLOobwu6vU1quB17K",
    "id": 1745602733357,
    "budget": 30,
    "inventory": {
      "food": 3,
      "toy": 2,
      "treat": 2
    }
  },
  {
    "name": "m",
    "email": "merictopal@hotmail.com.tr",
    "passwordHash": "$2b$10$UkSx0yT671JeJ/WFRHTiPeFQKJenUawGTpIRiYN2l878Ypsy5YM.S",
    "id": 1745603125868,
    "budget": 0,
    "inventory": {
      "food": 0,
      "toy": 0,
      "treat": 2
    },
    "isAdmin": false
  },
  {
    "name": "bbbb",
    "email": "merictopal@hotmail.com.tr",
    "passwordHash": "$2b$10$D1U8hS4SKGMZyLp6yjTxg.s/kU8Zc2M13d5hzOPlhfvap9RMv59J6",
    "id": 1745603212430,
    "budget": 70,
    "inventory": {
      "food": 0,
      "toy": 1,
      "treat": 1
    },
    "isAdmin": false
  },
  {
    "name": "aaa",
    "email": "merictopal@hotmail.com.tr",
    "passwordHash": "$2b$10$3okcnGRpVDE6ofDR2NT24u89LyNhn0POC3nmCZMqAshqKSjCnmYYu",
    "id": 1745603509120,
    "budget": 20,
    "inventory": {
      "food": 0,
      "toy": 1,
      "treat": 2
    },
    "isAdmin": false
  },
  {
    "name": "Meriç Topala",
    "email": "merictopal@hotmail.com.tr",
    "passwordHash": "$2b$10$v54inBkG4emYR7Gm4JQ6OONUHG2tC6sQN9n/m1.JGyItEACO.Z4lW",
    "id": 1745645307930,
    "budget": 40,
    "inventory": {
      "food": 1,
      "toy": 0,
      "treat": 2
    },
    "isAdmin": false
  },
  {
    "name": "Meriç Topalac",
    "email": "merictopal@hotmail.com.tr",
    "passwordHash": "$2b$10$iL0EJXd.9VEVnlHA37B18OGMKNQKsaWi8/mtNku/VY/YDM3Z8WhJG",
    "id": 1745645674679,
    "budget": 80,
    "inventory": {
      "food": 2,
      "toy": 0,
      "treat": 0
    },
    "isAdmin": false
  },
  {
    "name": "Meriç Topalb",
    "email": "merictopal@hotmail.com.tr",
    "passwordHash": "$2b$10$v6rnaINhs2Dk187HcoppmOZ..kgUk1xU6/NmEblS5AQcGPDS9Uvma",
    "id": 1745646017315,
    "budget": 70,
    "inventory": {
      "food": 1,
      "toy": 1,
      "treat": 1
    },
    "isAdmin": false
  },
  {
    "name": "Meriç Topalaa",
    "email": "merictopal@hotmail.com.tr",
    "passwordHash": "$2b$10$nx/PUDrZW0stdJy3y..qt.f3TbwlVVAWZaxNF.HD43M9NtY7bAhMq",
    "id": 1745646903535,
    "budget": 40,
    "inventory": {
      "food": 2,
      "toy": 2,
      "treat": 2
    },
    "isAdmin": false
  },
  {
    "name": "Meriç Topalaaa",
    "email": "merictopal@hotmail.com.tr",
    "passwordHash": "$2b$10$1K4IO5M828wmqrbgjdHbAOsYa10/faJqN1LlKWtUx5DNaOtTARoNC",
    "id": 1745646941739,
    "budget": 100,
    "inventory": {
      "food": 0,
      "toy": 0,
      "treat": 0
    },
    "isAdmin": false
  },
  {
    "name": "aaaa",
    "email": "aaa@aaa",
    "passwordHash": "$2b$10$TCeMJBL8qFDQn1vQySpzI..wtWLt3xEILb9dwpvNVQpmSqUgnP6.u",
    "id": 1745647892329,
    "budget": 100,
    "inventory": {
      "food": 0,
      "toy": 0,
      "treat": 0
    },
    "isAdmin": false
  },
  {
    "name": "bb",
    "email": "bb@bb.com",
    "passwordHash": "$2b$10$WM/pBeAzrQxKaLjIopt1sOIig.rZjsh0z7OnHNqqr5yu2Xn5OhfgK",
    "id": 1745648909802,
    "budget": 40,
    "inventory": {
      "food": 0,
      "toy": 1,
      "treat": 2
    },
    "isAdmin": false,
    "pets": [
      1
    ]
  },
  {
    "name": "cc",
    "email": "cc@cc.com",
    "passwordHash": "$2b$10$J2GH6O3d.8yIFZkxnXZLR.7hMM2yvDMkcnMLHffaD/qqfuLH8FocS",
    "id": 1745649000173,
    "budget": 70,
    "inventory": {
      "food": 1,
      "toy": 1,
      "treat": 1
    },
    "isAdmin": false,
    "pets": [
      1
    ]
  }
]