[
  {
    "id": 1,
    "type": "puppy",
    "name": "Buddy",
    "image": "/images/puppy1.jpg",
    "adoptedBy": null,
    "hunger": 0,
    "happiness": 20,
    "owner": null
  },
  {
    "id": 2,
    "type": "kitten",
    "name": "Whiskers",
    "image": "/images/kitten1.jpg",
    "adoptedBy": null,
    "hunger": 55,
    "happiness": 100,
    "owner": 1745602462299
  },
  {
    "id": 3,
    "type": "puppy",
    "name": "Max",
    "image": "/images/puppy2.jpg",
    "adoptedBy": null,
    "hunger": 10,
    "happiness": 40,
    "owner": null
  },
  {
    "id": 4,
    "type": "kitten",
    "name": "Luna",
    "image": "/images/kitten2.jpg",
    "adoptedBy": null,
    "hunger": 5,
    "happiness": 55,
    "owner": null
  },
  {
    "id": 5,
    "type": "puppy",
    "name": "Charlie",
    "image": "/images/puppy3.jpg",
    "adoptedBy": null,
    "hunger": 15,
    "happiness": 85,
    "owner": null
  },
  {
    "id": 6,
    "type": "kitten",
    "name": "Milo",
    "image": "/images/kitten3.jpg",
    "adoptedBy": null,
    "hunger": 8,
    "happiness": 92,
    "owner": null
  },
  {
    "id": 7,
    "type": "puppy",
    "name": "Rocky",
    "image": "/images/puppy4.jpg",
    "adoptedBy": null,
    "hunger": 12,
    "happiness": 100,
    "owner": null
  },
  {
    "id": 8,
    "type": "kitten",
    "name": "Daisy",
    "image": "/images/kitten4.jpg",
    "adoptedBy": null,
    "hunger": 70,
    "happiness": 97,
    "owner": null
  }
]